{
  "window_start": "2020-01-01",
  "data_sources": [
    "data\\processed\\MNQ\\1m\\mnq_8yr_databento.parquet"
  ],
  "results": {
    "baseline": {
      "summary": {
        "trades": 11673,
        "total_pnl": 112875.55999999998,
        "monthly_avg": 1485.2047368421051,
        "max_drawdown": -2237.820000000002,
        "worst_month": -890.6599999999983,
        "best_month": 5195.960000000009
      },
      "lucid_25k_1mnq": {
        "direct": {
          "passed": true,
          "blown": false,
          "days_processed": 46,
          "days_to_pass": 46,
          "end_pnl": 1394.1599999999999,
          "peak_pnl": 1394.1599999999999,
          "max_drawdown": -326.71999999999997,
          "best_day": 681.7600000000001,
          "consistency_pct_at_pass": 48.90113042979286,
          "consistency_passed": true
        },
        "mc": {
          "simulations": 5000,
          "pass_rate": 0.9562,
          "blowup_rate": 0.0438,
          "median_days_to_pass": 16,
          "consistency_pass_rate": 0.9562
        },
        "funded": {
          "survived": false,
          "blown": true,
          "end_pnl": 4709.699999999998,
          "peak_pnl": 5793.5199999999995,
          "max_drawdown": -1083.8200000000015,
          "best_day": 706.5400000000001,
          "worst_day": -297.36,
          "profitable_days": 53,
          "losing_days": 51,
          "days_processed": 104
        }
      },
      "lucid_150k_2mnq": {
        "direct": {
          "passed": true,
          "blown": false,
          "days_processed": 56,
          "days_to_pass": 56,
          "end_pnl": 9482.64,
          "peak_pnl": 9482.64,
          "max_drawdown": -653.4399999999999,
          "best_day": 1413.0800000000002,
          "consistency_pct_at_pass": 14.901757316527888,
          "consistency_passed": true
        },
        "mc": {
          "simulations": 5000,
          "pass_rate": 0.9988,
          "blowup_rate": 0.0012,
          "median_days_to_pass": 62,
          "consistency_pass_rate": 0.9988
        },
        "funded": {
          "survived": true,
          "blown": false,
          "end_pnl": 225751.11999999968,
          "peak_pnl": 226345.5199999997,
          "max_drawdown": -4475.640000000004,
          "best_day": 1902.64,
          "worst_day": -644.28,
          "profitable_days": 928,
          "losing_days": 665,
          "days_processed": 1593
        }
      }
    },
    "vwap_side": {
      "summary": {
        "trades": 11094,
        "total_pnl": 103159.68,
        "monthly_avg": 1357.3642105263157,
        "max_drawdown": -2386.720000000001,
        "worst_month": -839.5399999999968,
        "best_month": 4783.760000000001
      },
      "lucid_25k_1mnq": {
        "direct": {
          "passed": true,
          "blown": false,
          "days_processed": 44,
          "days_to_pass": 44,
          "end_pnl": 1679.7199999999998,
          "peak_pnl": 1679.7199999999998,
          "max_drawdown": -359.1,
          "best_day": 681.7600000000001,
          "consistency_pct_at_pass": 40.587717000452464,
          "consistency_passed": true
        },
        "mc": {
          "simulations": 5000,
          "pass_rate": 0.9502,
          "blowup_rate": 0.0498,
          "median_days_to_pass": 18,
          "consistency_pass_rate": 0.9502
        },
        "funded": {
          "survived": false,
          "blown": true,
          "end_pnl": 4805.859999999997,
          "peak_pnl": 5808.859999999998,
          "max_drawdown": -1003.0000000000009,
          "best_day": 706.5400000000001,
          "worst_day": -297.36,
          "profitable_days": 48,
          "losing_days": 49,
          "days_processed": 97
        }
      },
      "lucid_150k_2mnq": {
        "direct": {
          "passed": true,
          "blown": false,
          "days_processed": 56,
          "days_to_pass": 56,
          "end_pnl": 9266.839999999998,
          "peak_pnl": 9266.839999999998,
          "max_drawdown": -718.2,
          "best_day": 1413.0800000000002,
          "consistency_pct_at_pass": 15.24877951923202,
          "consistency_passed": true
        },
        "mc": {
          "simulations": 5000,
          "pass_rate": 0.9994,
          "blowup_rate": 0.0006,
          "median_days_to_pass": 68,
          "consistency_pass_rate": 0.9994
        },
        "funded": {
          "survived": false,
          "blown": true,
          "end_pnl": 7098.079999999994,
          "peak_pnl": 11617.719999999996,
          "max_drawdown": -4519.640000000002,
          "best_day": 1413.0800000000002,
          "worst_day": -594.72,
          "profitable_days": 51,
          "losing_days": 63,
          "days_processed": 114
        }
      }
    },
    "atr_high": {
      "summary": {
        "trades": 5908,
        "total_pnl": 76441.76,
        "monthly_avg": 1005.8126315789473,
        "max_drawdown": -1165.6800000000057,
        "worst_month": -653.3799999999991,
        "best_month": 3406.819999999999
      },
      "lucid_25k_1mnq": {
        "direct": {
          "passed": true,
          "blown": false,
          "days_processed": 44,
          "days_to_pass": 44,
          "end_pnl": 1686.4,
          "peak_pnl": 1686.4,
          "max_drawdown": -524.9600000000002,
          "best_day": 560.88,
          "consistency_pct_at_pass": 33.25901328273245,
          "consistency_passed": true
        },
        "mc": {
          "simulations": 5000,
          "pass_rate": 0.9856,
          "blowup_rate": 0.0144,
          "median_days_to_pass": 21,
          "consistency_pass_rate": 0.9856
        },
        "funded": {
          "survived": false,
          "blown": true,
          "end_pnl": 2742.7999999999975,
          "peak_pnl": 3764.5599999999986,
          "max_drawdown": -1021.7600000000011,
          "best_day": 560.88,
          "worst_day": -198.24,
          "profitable_days": 37,
          "losing_days": 56,
          "days_processed": 93
        }
      },
      "lucid_150k_2mnq": {
        "direct": {
          "passed": true,
          "blown": false,
          "days_processed": 126,
          "days_to_pass": 126,
          "end_pnl": 9280.599999999995,
          "peak_pnl": 9280.599999999995,
          "max_drawdown": -2256.1600000000026,
          "best_day": 1121.76,
          "consistency_pct_at_pass": 12.087149537745411,
          "consistency_passed": true
        },
        "mc": {
          "simulations": 5000,
          "pass_rate": 0.9998,
          "blowup_rate": 0.0002,
          "median_days_to_pass": 76,
          "consistency_pass_rate": 0.9998
        },
        "funded": {
          "survived": true,
          "blown": false,
          "end_pnl": 152883.52000000104,
          "peak_pnl": 153081.76000000103,
          "max_drawdown": -2331.3600000000115,
          "best_day": 1902.64,
          "worst_day": -545.1600000000001,
          "profitable_days": 696,
          "losing_days": 612,
          "days_processed": 1308
        }
      }
    },
    "vwap_side_atr_high": {
      "summary": {
        "trades": 5561,
        "total_pnl": 72232.92,
        "monthly_avg": 950.4331578947368,
        "max_drawdown": -1636.1000000000058,
        "worst_month": -549.1399999999988,
        "best_month": 3292.6199999999985
      },
      "lucid_25k_1mnq": {
        "direct": {
          "passed": true,
          "blown": false,
          "days_processed": 43,
          "days_to_pass": 43,
          "end_pnl": 1331.8200000000002,
          "peak_pnl": 1331.8200000000002,
          "max_drawdown": -507.41999999999996,
          "best_day": 560.88,
          "consistency_pct_at_pass": 42.11379916204892,
          "consistency_passed": true
        },
        "mc": {
          "simulations": 5000,
          "pass_rate": 0.9872,
          "blowup_rate": 0.0128,
          "median_days_to_pass": 22,
          "consistency_pass_rate": 0.9872
        },
        "funded": {
          "survived": false,